Datetime,Water Level (m)
2025-07-31 00:00:00,8.621707e-05
2025-07-31 01:00:00,9.452985e-05
2025-07-31 02:00:00,8.043143e-05
2025-07-31 03:00:00,7.8334655e-05
2025-07-31 04:00:00,0.00016328301
2025-07-31 05:00:00,0.00019300316
2025-07-31 06:00:00,0.00018686059
2025-07-31 07:00:00,0.00011846122
2025-07-31 08:00:00,9.926164e-05
2025-07-31 09:00:00,0.00013933457
2025-07-31 10:00:00,0.00019064592
2025-07-31 11:00:00,0.00025629773
2025-07-31 12:00:00,0.00023266952
2025-07-31 13:00:00,0.00017281079
2025-07-31 14:00:00,0.00015675912
2025-07-31 15:00:00,0.000142762
2025-07-31 16:00:00,0.00012092356
2025-07-31 17:00:00,0.00010686086
2025-07-31 18:00:00,8.995864e-05
2025-07-31 19:00:00,8.212718e-05
2025-07-31 20:00:00,8.272683e-05
2025-07-31 21:00:00,7.288267e-05
2025-07-31 22:00:00,0.00011810781
2025-07-31 23:00:00,0.00015452817
2025-08-01 00:00:00,0.00016494899
2025-08-01 01:00:00,0.00021430661
2025-08-01 02:00:00,0.00029272784
2025-08-01 03:00:00,0.0003074049
2025-08-01 04:00:00,0.00026195007
2025-08-01 05:00:00,0.00019111611
2025-08-01 06:00:00,0.00020155837
2025-08-01 07:00:00,0.00013692155
2025-08-01 08:00:00,0.00013046435
2025-08-01 09:00:00,0.00019711633
2025-08-01 10:00:00,0.00022262508
2025-08-01 11:00:00,0.00019698282
2025-08-01 12:00:00,0.00020621538
2025-08-01 13:00:00,0.00017484633
2025-08-01 14:00:00,0.00017097355
2025-08-01 15:00:00,0.00015177228
2025-08-01 16:00:00,0.00010704759
2025-08-01 17:00:00,0.00010936944
2025-08-01 18:00:00,0.0001047083
2025-08-01 19:00:00,9.119265e-05
2025-08-01 20:00:00,9.129561e-05
2025-08-01 21:00:00,9.339698e-05
2025-08-01 22:00:00,8.1501144e-05
2025-08-01 23:00:00,8.800776e-05
2025-08-02 00:00:00,0.00010734074
2025-08-02 01:00:00,0.00014832227
2025-08-02 02:00:00,0.00021726835
2025-08-02 03:00:00,0.00035640315
2025-08-02 04:00:00,0.00037810617
2025-08-02 05:00:00,0.00036746985
2025-08-02 06:00:00,0.0003325709
2025-08-02 07:00:00,0.00030175142
2025-08-02 08:00:00,0.0002864908
2025-08-02 09:00:00,0.0002346826
2025-08-02 10:00:00,0.00020810208
2025-08-02 11:00:00,0.00017688362
2025-08-02 12:00:00,0.00015945577
2025-08-02 13:00:00,0.00010239982
2025-08-02 14:00:00,9.20772e-05
2025-08-02 15:00:00,0.00011147347
2025-08-02 16:00:00,5.1225346e-05
2025-08-02 17:00:00,6.305395e-05
2025-08-02 18:00:00,4.6370256e-05
2025-08-02 19:00:00,7.1928334e-05
2025-08-02 20:00:00,9.8868375e-05
2025-08-02 21:00:00,6.303473e-05
2025-08-02 22:00:00,5.7392892e-05
2025-08-02 23:00:00,4.0101095e-05
2025-08-03 00:00:00,4.9375936e-05
2025-08-03 01:00:00,0.00013472214
2025-08-03 02:00:00,0.00019350328
2025-08-03 03:00:00,0.00024307171
2025-08-03 04:00:00,0.0002951738
2025-08-03 05:00:00,0.0002952924
2025-08-03 06:00:00,0.0003374344
2025-08-03 07:00:00,0.0003063378
2025-08-03 08:00:00,0.00033362344
2025-08-03 09:00:00,0.00037102765
2025-08-03 10:00:00,0.0002836505
2025-08-03 11:00:00,0.00022225526
2025-08-03 12:00:00,0.00016613617
2025-08-03 13:00:00,0.00017416326
2025-08-03 14:00:00,0.00016204272
2025-08-03 15:00:00,0.00014991096
2025-08-03 16:00:00,0.00013506306
2025-08-03 17:00:00,0.00014412975
2025-08-03 18:00:00,0.00015455605
2025-08-03 19:00:00,0.00014686919
2025-08-03 20:00:00,0.00016586186
2025-08-03 21:00:00,0.00021451614
2025-08-03 22:00:00,0.00017124848
2025-08-03 23:00:00,0.00015897823
2025-08-04 00:00:00,0.00018342808
2025-08-04 01:00:00,0.00018696256
2025-08-04 02:00:00,0.00022442167
2025-08-04 03:00:00,0.00030800555
2025-08-04 04:00:00,0.00034214705
2025-08-04 05:00:00,0.00033021343
2025-08-04 06:00:00,0.0003297013
2025-08-04 07:00:00,0.00027944124
2025-08-04 08:00:00,0.0002405781
2025-08-04 09:00:00,0.00019557466
2025-08-04 10:00:00,0.00016678766
2025-08-04 11:00:00,0.00010681616
2025-08-04 12:00:00,7.0363414e-05
2025-08-04 13:00:00,6.235161e-05
2025-08-04 14:00:00,7.419087e-05
2025-08-04 15:00:00,7.5542455e-05
2025-08-04 16:00:00,8.81052e-05
2025-08-04 17:00:00,7.4634234e-05
2025-08-04 18:00:00,6.9638234e-05
2025-08-04 19:00:00,4.5978744e-05
2025-08-04 20:00:00,5.1034247e-05
2025-08-04 21:00:00,5.5696528e-05
2025-08-04 22:00:00,5.501028e-05
2025-08-04 23:00:00,5.211788e-05
2025-08-05 00:00:00,3.853438e-05
2025-08-05 01:00:00,7.510285e-05
2025-08-05 02:00:00,0.00012206818
2025-08-05 03:00:00,0.00015581066
2025-08-05 04:00:00,0.00014703629
2025-08-05 05:00:00,0.00014666322
2025-08-05 06:00:00,0.00012697473
2025-08-05 07:00:00,0.00017597828
2025-08-05 08:00:00,0.00020186251
2025-08-05 09:00:00,0.00021061813
2025-08-05 10:00:00,0.00017420847
2025-08-05 11:00:00,0.00019715655
2025-08-05 12:00:00,0.00016260604
2025-08-05 13:00:00,0.000115260256
2025-08-05 14:00:00,0.00010106231
2025-08-05 15:00:00,9.4125025e-05
2025-08-05 16:00:00,9.656549e-05
2025-08-05 17:00:00,9.230818e-05
2025-08-05 18:00:00,0.00010053643
2025-08-05 19:00:00,0.00012537574
2025-08-05 20:00:00,0.00011718397
2025-08-05 21:00:00,0.000112465736
2025-08-05 22:00:00,0.0001164018
2025-08-05 23:00:00,9.713127e-05
2025-08-06 00:00:00,9.9890436e-05
